[
  {
    "EndpointUrl": "opc.tcp://localhost:62652/IntegrationObjects/UAServerSimulator",
    "UseSecurity": false,
    "OpcNodes": [
      {
        "Id": "ns=2;s=1:Dynamic?Random.Int1",
        "OpcSamplingInterval": 1000,
        "OpcPublishingInterval": 2000,
        "HeartbeatInterval": 3600,
        "SkipFirst": true
      },
      {
        "Id": "ns=2;s=1:Dynamic?Random.Boolean",
        "OpcSamplingInterval": 1000,
        "OpcPublishingInterval": 2000,
        "HeartbeatInterval": 3600,
        "SkipFirst": true
      }
    ]
  }
]